questions,ground_truths
What computational approach does PAL use to integrate programmatic reasoning within natural language tasks?,"PAL leverages large language models (LLMs) to generate programs as intermediate reasoning steps for natural language problems, offloading solution steps to a Python interpreter, ensuring accuracy by focusing LLMs on decomposing problems into executable code."
How does LLaMA's training data preprocessing and mixture differ from other large language models?,"LLaMA's training data includes a mixture of sources like CommonCrawl, C4, GitHub, Wikipedia, and others, preprocessed with techniques like deduplication, language identification, and quality filtering, emphasizing the use of publicly available data."
In what way does Task2Vec's asymmetric distance measure contribute to task similarity assessment and model selection?,"The asymmetric distance accounts for task complexity and transferability, aiding in selecting feature extractors by evaluating their proximity to a task in the embedding space."
How does Task2Vec ensure its task embeddings are invariant to the number of classes and label semantics within a dataset?,"By basing the embeddings on the structure of the task via the FIM, Task2Vec creates representations that are independent of class count or label semantics, focusing on the task's intrinsic characteristics."
"What role do random perturbations play in DetectGPT's methodology, and how are they applied?","Random perturbations are used to slightly modify the text, keeping its meaning similar. DetectGPT evaluates the change in log probability caused by these perturbations to detect machine-generated text."
"In what ways does HellaSwag expand upon its predecessor, SWAG, to offer a more rigorous test of AI commonsense reasoning?","HellaSwag expands on SWAG by incorporating longer and more diverse contexts from WikiHow articles, introducing more complex and varied scenarios for testing commonsense reasoning."
"How does Adversarial Filtering (AF) contribute to the creation of HellaSwag, and what unique characteristic does it bring to the dataset?","AF iteratively selects challenging machine-generated wrong answers by using a series of discriminators, creating a dataset that is robust against model biases and exhibits a 'Goldilocks' zone of complexity."
"What are the main components of GLM-130B's pre-training objective, and how do they contribute to its performance?","GLM-130B's pre-training includes self-supervised blank infilling for 95% of tokens and multi-task instruction pre-training (MIP) for 5% of tokens, enhancing downstream zero-shot performance."
"What modifications to the BERT pretraining process are introduced in RoBERTa, and how do they collectively enhance model performance?","RoBERTa introduces several key modifications, including training with larger mini-batches, eliminating the next sentence prediction (NSP) loss, training on longer sequences, dynamically changing the masking pattern, and pretraining over more data. These improvements collectively enable RoBERTa to match or exceed the performance of all post-BERT models, achieving state-of-the-art results on benchmarks like GLUE, RACE, and SQuAD."
What defines the Task2Vec embedding's ability to capture the complexity of a visual classification task and its semantic relationships?,"Task2Vec embedding utilizes the Fisher Information Matrix (FIM) computed from a probe network's parameters, capturing the task's complexity and semantic relationships by representing tasks as elements in a vector space."
What methodologies were employed in SuperGLUE to establish robust human baseline performances across its tasks?,"SuperGLUE's human baseline performances were established through careful collection of non-expert annotations for a sample of each test set, following structured annotation procedures that included a short training phase for annotators, ensuring reliable estimates of human performance."
What advancements does Megatron-LM contribute to the handling of layer normalization in BERT-like models to increase performance?," It rearranges the order of layer normalization and residual connections, allowing for stable training and enhanced accuracies as model size increases."
How does SuperGLUE facilitate the development and evaluation of models across its diverse set of tasks?,"SuperGLUE provides a public leaderboard, a single-number performance metric for easy comparison, a software toolkit for model analysis, and detailed task instructions, supporting the development, evaluation, and comparison of models on its comprehensive suite of tasks."
How does GLM-130B's performance compare to other 100B-scale models and PaLM 540B across English benchmarks?,"GLM-130B surpasses GPT-3 and other 100B-scale models in a range of English benchmarks and performs competitively against PaLM 540B, demonstrating its effectiveness in language understanding."
Describe the process and purpose of the 'Next Sentence Prediction' task in BERT's pre-training.,"NSP involves predicting whether a sentence B is the actual next sentence that follows sentence A, facilitating understanding of sentence relationships."
How does PAL's performance on the GSM8K benchmark compare to other advanced models?,"PAL achieves state-of-the-art few-shot accuracy on the GSM8K benchmark, surpassing PaLM-540B by a significant 15% top-1 accuracy improvement, demonstrating its effectiveness in handling complex arithmetic and symbolic reasoning tasks."
"Without needing training on a separate classifier, how does DetectGPT determine if a passage was generated by an LLM?",DetectGPT uses the log probabilities computed by the model of interest and random perturbations of the passage from another generic pre-trained language model.
 What tools and support does SuperGLUE offer to researchers working on language understanding models?,"SuperGLUE offers jiant, a software toolkit for pretraining, multi-task learning, and transfer learning in NLP, built around standard tools and supporting popular pretrained models, facilitating research and experimentation on the benchmark's tasks."
What are the hyperparameters of the AdamW optimizer used in training the LLaMA models?,"The AdamW optimizer for LLaMA models uses hyperparameters β1 = 0.9, β2 = 0.95, with a cosine learning rate schedule, a weight decay of 0.1, and gradient clipping set to 1.0."
How do the selected tasks in SuperGLUE reflect the benchmark's goals for advancing language understanding technologies?,"The selected tasks, chosen for their difficulty and diversity, reflect SuperGLUE's goals by requiring substantive innovations in machine learning to improve sample-efficient transfer, multitask, and unsupervised learning, driving forward the capabilities of language understanding systems."
How does GLM-130B address ethical concerns and biases compared to its counterparts?,"Through comprehensive ethical evaluations, GLM-130B exhibits significantly less bias and toxicity generation than similar-scale models, highlighting its consideration for ethical AI development."
How does the inclusion of specific metadata in CodeNet facilitate a wide range of code analysis tasks?,"Rich metadata including problem descriptions, submission outcomes, and programming languages enable tasks like bug fixing, performance improvement, and understanding coding patterns."
Describe the process and tools provided by CodeNet for transforming code samples into machine-learning-friendly formats.,"CodeNet offers pre-processing tools for tokenization, simplified parse tree generation, and code graph formation, easing the transformation of code into representations for machine learning models."
"What percentage of BERT's language understanding capabilities does DistilBERT retain, and what is the size reduction achieved?",DistilBERT retains 97% of BERT's language understanding capabilities with a 40% reduction in size.
How should future language model benchmarks be structured to ensure a holistic assessment of models' capabilities and knowledge breadth?,"Future benchmarks should integrate a broader spectrum of subjects and cognitive skills, emphasizing the inclusion of tasks that test models' ethical reasoning, understanding of human values, and ability to perform complex problem-solving, beyond the mere scale of data and parameters."
"How does the dynamic masking strategy in RoBERTa differ from BERT's static masking, and what advantage does it offer?","Unlike BERT's static masking, which applies the same mask to each training instance throughout epochs, RoBERTa employs dynamic masking, where the mask is generated anew for each instance every time it is fed into the model. This strategy ensures a richer variety of training examples and prevents the model from overfitting to a specific masked pattern."
"What types of tasks are included in SuperGLUE, and how do they enhance the benchmark's complexity?","SuperGLUE includes eight diverse tasks such as Boolean Questions (BoolQ), Choice of Plausible Alternatives (COPA), and Winograd Schema Challenge (WSC), enhancing complexity through a mix of question answering, natural language inference, coreference resolution, and word sense disambiguation tasks."
"What criteria were used to select tasks for inclusion in SuperGLUE, and how do these criteria benefit the benchmark?","Tasks were selected based on difficulty, evaluability, substance, public data availability, simple formats, and licensing conditions, ensuring a challenging, diverse, and accessible benchmark for advancing general-purpose language understanding technologies."
How does RoBERTa's use of a byte-level BPE (Byte Pair Encoding) vocabulary contribute to its model architecture and performance?,"RoBERTa adopts a byte-level BPE vocabulary, allowing for more efficient handling of large and diverse corpora without the need for additional preprocessing or tokenization. This encoding scheme supports a modest-sized vocabulary that can encode any input text, potentially enhancing the model's linguistic flexibility and performance on various NLP tasks."
" In what ways does SuperGLUE expand beyond GLUE's task formats, and why is this expansion significant?","By including coreference resolution and question answering formats, SuperGLUE expands the scope of evaluated linguistic phenomena, testing models' abilities in more varied contexts and reflecting a broader range of natural language understanding challenges."
"What are the specific domains covered by the multitask test, and why were they selected?","The test covers 57 subjects across STEM, humanities, social sciences, and more, selected to evaluate a model's world knowledge and problem-solving ability across a wide range of difficulty levels, from elementary to advanced professional levels."
How does BERT's architecture facilitate the use of a unified model across diverse NLP tasks?,"BERT uses a multi-layer bidirectional Transformer encoder architecture, allowing for minimal task-specific architecture modifications in fine-tuning."
"What role does the novel dataset CC-NEWS play in RoBERTa's pretraining, and how does it compare to other datasets used?","CC-NEWS, a large dataset collected from English news articles, provides a significant source of diverse and recent textual content for RoBERTa's pretraining, complementing other datasets and ensuring a broad coverage of language use and topics. This dataset helps control for training set size effects and contributes to the robustness and generalization capability of the model."
How does PAL address the execution of complex computations in natural language processing tasks?," PAL addresses complex computations by generating programmatic reasoning steps for LLMs and executing them via an interpreter, ensuring accurate and efficient problem-solving acros various domains."
Describe the methodology used for evaluating models on the multitask test. How does it differ from traditional model evaluations?,"Models were evaluated in zero-shot and few-shot settings to measure their ability to apply pretraining knowledge without further fine-tuning, a method designed to be more akin to human learning and evaluation processes."
How does DetectGPT perform in comparison to the strongest zero-shot baseline when detecting fake news articles generated by GPT-NeoX?,DetectGPT improves detection from an AUROC of 0.81 for the strongest zero-shot baseline to 0.95 for DetectGPT.
How does the accuracy of the largest GPT-3 model compare to human professionals across the 57 tasks?,"he largest GPT-3 model achieves 43.9% accuracy on average, significantly below the expert-level performance, indicating that even the most advanced models require substantial improvements to reach human professional accuracy levels across these tasks."
Discuss RoBERTa's contributions to the understanding of effective pretraining strategies in NLP.,"RoBERTa's comprehensive evaluation of pretraining strategies, including the effects of dynamic masking, data size, batch size, and the removal of the NSP objective, contributes valuable insights into the design and optimization of language models. Its success offers guidance for future model development, emphasizing the importance of these previously under-explored factors in achieving high performance in NLP tasks."
How does the addition of a Python interpreter in PAL's framework influence the accuracy of solutions?,"Incorporating a Python interpreter allows PAL to execute generated programs accurately, bridging the gap in LLMs' arithmetic and logical capabilities, thus significantly improving solution accuracy compared to relying solely on LLMs."
What parallel strategies and configurations are utilized to train GLM-130B efficiently on a GPU cluster?,"GLM-130B employs a 3D parallel strategy combining data, tensor, and pipeline model parallelism, optimized for 96 DGX-A100 GPU nodes, maximizing token throughput and hardware utilization."
What contributions does GLM-130B offer to the open-source community and AI research field?," GLM-130B is fully open-sourced, including model weights, code, and training logs, promoting transparency, reproducibility, and inclusivity in large-scale language model research and applications."
What specific architectural changes were made to develop DistilBERT from BERT?,"DistilBERT omits token-type embeddings and the pooler layer, and reduces the number of layers by half compared to BERT."
"What findings were revealed about model performance on HellaSwag when evaluated in zero-shot scenarios, and what implications does this have for future model development?","Models showed a decline in performance in zero-shot scenarios, highlighting the need for future models to improve generalization capabilities and adapt to unseen contexts or domains."
In what ways does RoBERTa's training process leverage data size and training duration for improved model performance?,"RoBERTa extensively explores the impact of both increased data size and prolonged training duration, demonstrating that both factors significantly contribute to enhanced model performance. Training over larger datasets and for more steps than BERT allows RoBERTa to better generalize and excel on downstream tasks."
What distinctive strategy does GLM-130B employ to ensure training stability for a 130-billion-parameter model?,"GLM-130B utilizes embedding gradient shrink (EGS) and DeepNorm layer normalization to ensure training stability, significantly reducing the likelihood of loss spikes and divergence."
How do the LLaMA models' parameter counts compare across the different versions?,"The LLaMA modelsvary in size from 7 billion parameters to 65 billion parameters, with intermediate sizes of 13 billion and 33 billion parameters."
"What performance improvements does LLaMA-13B show over GPT-3, and how does LLaMA-65B stand in comparison to Chinchilla-70B and PaLM-540B?","LLaMA-13B outperforms GPT-3 (175B) on most benchmarks, and LLaMA-65B is competitive with Chinchilla-70B and PaLM-540B, showing that it can achieve comparable or better performance."
What specific challenges do the tasks in SuperGLUE address in natural language processing?,"The tasks challenge models on various fronts, including deep textual understanding, commonsense reasoning, fine-grained word sense disambiguation, and the ability to handle ambiguity and complexity in language, reflecting a broad spectrum of NLP challenges."
What contributions does CodeNet make towards the creation of AI models capable of understanding and generating code?," By providing a comprehensive dataset with diverse programming tasks and solutions, CodeNet accelerates the development of AI models for code generation and understanding."
How does CodeNet's dataset size and diversity support advanced AI for code research compared to previous datasets?,"CodeNet surpasses previous datasets with over 14 million code samples and around 500 million lines of code in 55 languages, providing unparalleled scale and diversity for AI for code research."
